{
    "error": [
        0.7514187591720403,
        0.7132358713917422,
        0.692114520331622,
        0.6634850981740006,
        0.768319948518524,
        0.7921205013119654,
        0.6880614623408335,
        0.6807924273847122,
        0.7373310029443628,
        0.7557807009806004,
        0.6993200636191758,
        0.6690263812958158,
        0.7616196513275405,
        0.7603572214486766,
        0.7155818171470623,
        0.6617865274336441,
        0.7059232994884722,
        0.7285760666998732,
        0.6571553314791128,
        0.6539011015859755,
        0.6908189991003726,
        0.6649285184045355,
        0.7186836584147804,
        0.6793290669733593,
        0.6924374878865329,
        0.6701686297538656,
        0.6768342858827322,
        0.6861690725360631,
        0.7418714730529141,
        0.6721190540421862,
        0.6899907325576214,
        0.6916531586644966,
        0.7386974005106905,
        0.6734906731356862,
        0.6682790290027253,
        0.7215923344872522,
        0.6632137335663213,
        0.7681116456445327,
        0.7979570285379236,
        0.7402149906952675,
        0.7366815651062504,
        0.7601100798972288,
        0.6827480565404265,
        0.7509207869659392,
        0.6761461765221403,
        0.6822762730752848,
        0.672904482327023,
        0.7723570609749008,
        0.669716838440667,
        0.6698917650658601,
        0.6732451831289614,
        0.7348763260455031,
        0.6807400417488345,
        0.6954056812166655,
        0.6615444798641821,
        0.6857889047124957,
        0.7541894098662303,
        0.7453417767482864,
        0.6694315844214641,
        0.6790534959018647
    ],
    "solution": [
        19.407682540562714,
        0.4809336773728886
    ]
}
