{
    "error": [
        0.6986841959384966,
        0.6890870111029792,
        0.6642035684288313,
        0.716004123117773,
        0.8212729999246048,
        0.8236527689053271
    ],
    "solution": [
        20.161072006343186,
        0.5426862048503291
    ]
}
