{
    "error": [
        0.8119542285384234,
        0.8486055767731042,
        0.6765687023077573,
        0.7569497221253579,
        0.6971813472502033,
        0.743862199316093,
        0.6790703415827414,
        0.6615422833036487,
        0.6966225253941282,
        0.7659403255665356,
        0.6870088784349428,
        0.6965849638184063,
        0.6729206775085976,
        0.6488779399985213,
        0.6800666614232117,
        0.7108913141625524,
        0.7367420912412441,
        0.6682978776636951,
        0.7141013866916867,
        0.6663591234401326,
        0.6656536957855028,
        0.6794296135101107,
        0.7115776930791521,
        0.6624837424989789,
        0.7429292600575266,
        0.7247681333163251,
        0.6491630586115978,
        0.6633965049086151,
        0.6456988181056702,
        0.6579934912512414,
        0.7245166027630987,
        0.6498115128034623,
        0.638802219047465,
        0.6614157529620568,
        0.7063773107377358,
        0.7077587357633631,
        0.6987750120513194,
        0.6630235748649137,
        0.6531100113788492,
        0.6999345763978473,
        0.7546573544104281,
        0.6637090699290926,
        0.6660221846626193,
        0.6572005998216836,
        0.6737410277810431,
        0.6839373401790296,
        0.685719120898972,
        0.6530149062380294,
        0.6709440602072062,
        0.6518367537063364,
        0.6637081827390099,
        0.6449014671920389,
        0.6479146969151967,
        0.672983182681732,
        0.6795802895840013,
        0.6648240983046028,
        0.6697218995949985,
        0.6893234427265449,
        0.680554318092717,
        0.6638967062764825
    ],
    "solution": [
        20.880307821049154,
        0.698035524239733
    ]
}
